0,1,2,3,4,5,6,7,8,9
Cybersecurity Analyst,backend,expressjs,redis,nginx,nodejs,flask,sql,python,
Data Science Intern,frontend,javascript,nextjs,react,html,css,tailwind,vue,
Backend Developer,cloud,docker,lambda,aws,azure,cloudformation,kubernetes,,
Systems Engineer,general_software,unit testing,git,rest api,json,java,,,
ML Engineer,frontend,css,html,bootstrap,tailwind,nextjs,vue,,
Data Science Intern,machine_learning,numpy,tensorflow,python,scikit-learn,pytorch,,,
ML Engineer,backend,sql,flask,nginx,mysql,python,nodejs,docker,expressjs
Cloud Engineer,backend,nginx,sql,docker,django,expressjs,redis,,
Cybersecurity Analyst,quant,finance,excel,matplotlib,pandas,python,,,
Product Engineer,general_software,unit testing,sql,java,python,git,github,json,rest api
Backend Developer,mobile,java,android,flutter,react native,firebase,kotlin,swift,
Systems Engineer,general_software,json,sql,unit testing,java,python,github,rest api,
Frontend Developer,devops,ansible,ci/cd,kubernetes,aws,jenkins,,,
Systems Engineer,machine_learning,pandas,xgboost,pytorch,python,tensorflow,,,
Cloud Engineer,devops,jenkins,docker,kubernetes,aws,bash,terraform,,
Software Developer,mobile,flutter,java,kotlin,firebase,react native,,,
Quant Analyst,devops,linux,ansible,bash,terraform,docker,ci/cd,,
Data Analyst,cybersecurity,linux,siem,nmap,wireshark,splunk,,,
Data Engineer,quant,pandas,monte carlo,numpy,matplotlib,python,,,
SDE Intern,quant,matplotlib,excel,pandas,finance,statistics,,,
Quant Analyst,devops,linux,terraform,jenkins,ci/cd,kubernetes,aws,ansible,
Data Engineer,data_analysis,powerbi,python,sql,excel,matplotlib,numpy,,
Frontend Developer,devops,aws,ansible,bash,terraform,docker,,,
Frontend Developer,quant,statistics,excel,matplotlib,pandas,python,monte carlo,finance,numpy
Frontend Developer,frontend,vue,typescript,javascript,nextjs,css,tailwind,html,
Quant Analyst,machine_learning,tensorflow,python,pandas,xgboost,scikit-learn,pytorch,keras,
Cybersecurity Analyst,devops,terraform,linux,kubernetes,aws,jenkins,ansible,ci/cd,bash
Software Developer,machine_learning,scikit-learn,python,numpy,pytorch,xgboost,tensorflow,pandas,keras
SDE Intern,general_software,git,unit testing,python,java,github,sql,,
ML Engineer,frontend,typescript,nextjs,tailwind,react,javascript,bootstrap,,
DevOps Engineer,mobile,ios,react native,swift,firebase,kotlin,java,,
Data Science Intern,cybersecurity,nmap,linux,siem,firewalls,burpsuite,wireshark,,
Data Engineer,machine_learning,scikit-learn,tensorflow,python,xgboost,pytorch,pandas,numpy,keras
Software Developer,data_analysis,matplotlib,powerbi,python,tableau,numpy,seaborn,sql,
Software Developer,cybersecurity,nmap,firewalls,burpsuite,linux,siem,,,
ML Engineer,data_analysis,pandas,numpy,sql,matplotlib,tableau,excel,python,powerbi
Data Analyst,backend,nodejs,mysql,nginx,python,django,redis,docker,expressjs
Quant Analyst,machine_learning,keras,xgboost,pytorch,scikit-learn,pandas,,,
Cloud Engineer,machine_learning,keras,scikit-learn,xgboost,pandas,numpy,pytorch,python,
Software Developer,cloud,aws,s3,gcp,docker,azure,cloudformation,lambda,kubernetes
Frontend Developer,backend,flask,docker,sql,redis,expressjs,python,,
Data Analyst,data_analysis,excel,sql,matplotlib,seaborn,powerbi,,,
DevOps Engineer,devops,jenkins,ci/cd,terraform,bash,aws,,,
Full Stack Developer,general_software,sql,json,python,rest api,github,unit testing,,
Systems Engineer,general_software,sql,java,python,rest api,git,,,
SDE Intern,data_analysis,seaborn,python,powerbi,numpy,matplotlib,sql,,
Quant Analyst,cloud,lambda,docker,gcp,kubernetes,azure,,,
Backend Developer,general_software,python,java,rest api,unit testing,github,git,sql,
Data Science Intern,cloud,cloudformation,azure,kubernetes,gcp,s3,lambda,aws,docker
Systems Engineer,devops,linux,ci/cd,kubernetes,aws,terraform,bash,ansible,
Cloud Engineer,backend,redis,nginx,python,flask,nodejs,mysql,,
Cloud Engineer,quant,statistics,numpy,monte carlo,pandas,finance,excel,matplotlib,
Software Developer,cloud,gcp,cloudformation,kubernetes,lambda,aws,s3,docker,
Full Stack Developer,backend,sql,mysql,nginx,flask,nodejs,expressjs,django,docker
Data Science Intern,backend,redis,docker,expressjs,nodejs,django,mysql,flask,sql
Frontend Developer,cloud,azure,lambda,gcp,docker,kubernetes,s3,aws,
Systems Engineer,machine_learning,keras,tensorflow,numpy,pandas,scikit-learn,pytorch,,
ML Engineer,cloud,kubernetes,cloudformation,lambda,aws,azure,s3,,
Quant Analyst,quant,python,statistics,excel,monte carlo,numpy,,,
Frontend Developer,general_software,rest api,json,unit testing,sql,github,git,java,python
Quant Analyst,cybersecurity,nmap,burpsuite,linux,wireshark,splunk,siem,firewalls,
Data Science Intern,general_software,java,github,unit testing,rest api,git,,,
Data Science Intern,frontend,react,css,javascript,bootstrap,tailwind,,,
Data Analyst,mobile,kotlin,swift,android,firebase,react native,flutter,java,
Systems Engineer,mobile,java,swift,flutter,ios,firebase,,,
Data Science Intern,data_analysis,python,matplotlib,powerbi,sql,tableau,,,
Software Developer,cloud,kubernetes,s3,cloudformation,lambda,gcp,docker,aws,azure
Software Developer,general_software,sql,rest api,unit testing,python,json,,,
Backend Developer,machine_learning,pytorch,tensorflow,python,xgboost,scikit-learn,pandas,keras,
Systems Engineer,quant,python,monte carlo,pandas,statistics,excel,numpy,,
Software Developer,general_software,java,json,sql,unit testing,python,git,github,rest api
Quant Analyst,data_analysis,numpy,tableau,pandas,excel,python,seaborn,sql,
DevOps Engineer,frontend,javascript,typescript,tailwind,react,vue,css,bootstrap,html
Data Science Intern,frontend,vue,bootstrap,css,react,javascript,typescript,,
Systems Engineer,mobile,java,react native,flutter,kotlin,android,ios,swift,
Systems Engineer,data_analysis,pandas,excel,python,numpy,tableau,matplotlib,,
Data Science Intern,frontend,css,react,tailwind,javascript,typescript,vue,bootstrap,html
Cybersecurity Analyst,data_analysis,python,excel,sql,numpy,powerbi,,,
Systems Engineer,mobile,android,react native,kotlin,firebase,flutter,,,
Systems Engineer,mobile,react native,firebase,kotlin,android,java,flutter,ios,swift
Frontend Developer,backend,docker,nginx,mysql,python,django,expressjs,nodejs,flask
ML Engineer,cloud,gcp,aws,kubernetes,docker,s3,lambda,cloudformation,
Software Developer,cybersecurity,nmap,firewalls,linux,splunk,wireshark,siem,burpsuite,
Backend Developer,machine_learning,tensorflow,keras,xgboost,python,numpy,pytorch,scikit-learn,pandas
Cybersecurity Analyst,frontend,nextjs,tailwind,html,bootstrap,react,vue,typescript,
Quant Analyst,frontend,bootstrap,react,html,javascript,css,typescript,,
Data Analyst,machine_learning,pandas,pytorch,tensorflow,xgboost,scikit-learn,python,numpy,keras
Cloud Engineer,mobile,java,kotlin,firebase,swift,ios,android,,
Software Developer,frontend,typescript,html,css,javascript,vue,react,bootstrap,
Frontend Developer,cybersecurity,splunk,burpsuite,siem,nmap,linux,wireshark,firewalls,
Data Science Intern,general_software,python,java,rest api,unit testing,json,sql,,
Frontend Developer,cloud,cloudformation,azure,aws,lambda,s3,docker,gcp,
Software Developer,machine_learning,tensorflow,python,pytorch,numpy,keras,,,
DevOps Engineer,frontend,typescript,tailwind,bootstrap,nextjs,javascript,css,,
ML Engineer,cybersecurity,siem,linux,nmap,burpsuite,splunk,wireshark,,
Quant Analyst,devops,ansible,docker,linux,aws,kubernetes,jenkins,,
Backend Developer,cybersecurity,splunk,siem,burpsuite,nmap,firewalls,wireshark,,
DevOps Engineer,general_software,rest api,unit testing,java,github,json,,,
DevOps Engineer,backend,sql,nginx,expressjs,nodejs,docker,django,flask,
Data Analyst,backend,mysql,flask,nginx,docker,python,django,nodejs,
SDE Intern,cloud,lambda,kubernetes,gcp,aws,azure,s3,,
Cloud Engineer,mobile,swift,kotlin,android,java,firebase,react native,ios,
DevOps Engineer,mobile,android,swift,react native,firebase,java,ios,kotlin,flutter
Full Stack Developer,quant,statistics,matplotlib,python,numpy,monte carlo,,,
Data Engineer,quant,matplotlib,python,statistics,pandas,numpy,finance,monte carlo,
Backend Developer,backend,docker,python,nodejs,redis,django,mysql,,
Quant Analyst,devops,docker,kubernetes,jenkins,ci/cd,aws,bash,linux,
Data Science Intern,data_analysis,matplotlib,pandas,python,powerbi,excel,numpy,tableau,sql
Software Developer,frontend,html,bootstrap,typescript,react,vue,css,tailwind,javascript
Cloud Engineer,frontend,react,javascript,typescript,nextjs,css,,,
Full Stack Developer,machine_learning,numpy,pandas,python,tensorflow,scikit-learn,pytorch,xgboost,
Cybersecurity Analyst,machine_learning,xgboost,pytorch,keras,python,scikit-learn,tensorflow,,
Data Analyst,quant,python,statistics,excel,numpy,monte carlo,finance,matplotlib,
Systems Engineer,devops,bash,linux,ci/cd,terraform,ansible,,,
Data Science Intern,backend,expressjs,mysql,docker,nginx,redis,nodejs,,
Data Analyst,backend,docker,mysql,nodejs,django,python,redis,flask,
SDE Intern,data_analysis,tableau,python,sql,numpy,matplotlib,,,
Product Engineer,cybersecurity,siem,firewalls,wireshark,nmap,burpsuite,linux,splunk,
Data Engineer,cloud,cloudformation,lambda,azure,kubernetes,gcp,docker,aws,
Data Engineer,frontend,vue,javascript,css,typescript,react,,,
Cloud Engineer,cloud,lambda,aws,docker,cloudformation,gcp,azure,s3,kubernetes
SDE Intern,cybersecurity,burpsuite,splunk,nmap,siem,firewalls,linux,,
Data Science Intern,mobile,swift,react native,firebase,java,flutter,ios,kotlin,android
Data Analyst,machine_learning,tensorflow,pandas,python,pytorch,numpy,xgboost,,
ML Engineer,backend,redis,nodejs,flask,expressjs,python,django,sql,
Quant Analyst,general_software,sql,python,github,json,git,unit testing,java,rest api
Quant Analyst,quant,monte carlo,excel,python,finance,numpy,matplotlib,,
Quant Analyst,general_software,python,git,sql,json,rest api,unit testing,java,
Quant Analyst,general_software,github,python,git,json,unit testing,,,
Quant Analyst,frontend,css,nextjs,tailwind,html,typescript,javascript,,
Software Developer,frontend,css,typescript,tailwind,react,bootstrap,javascript,html,
Cloud Engineer,data_analysis,excel,tableau,pandas,sql,matplotlib,powerbi,numpy,
Quant Analyst,backend,flask,nginx,redis,nodejs,mysql,expressjs,,
Product Engineer,data_analysis,excel,matplotlib,seaborn,tableau,numpy,python,powerbi,
DevOps Engineer,cybersecurity,siem,nmap,splunk,burpsuite,wireshark,firewalls,,
Frontend Developer,cloud,gcp,s3,cloudformation,aws,docker,kubernetes,lambda,
Cybersecurity Analyst,mobile,flutter,java,swift,kotlin,react native,firebase,ios,android
Backend Developer,machine_learning,pytorch,tensorflow,xgboost,scikit-learn,numpy,pandas,keras,python
Data Analyst,quant,excel,matplotlib,statistics,numpy,python,finance,pandas,
SDE Intern,cloud,azure,kubernetes,gcp,aws,docker,s3,,
ML Engineer,mobile,firebase,swift,ios,kotlin,flutter,java,,
Data Engineer,machine_learning,numpy,scikit-learn,pandas,xgboost,python,tensorflow,pytorch,
Frontend Developer,devops,linux,ci/cd,aws,terraform,jenkins,docker,bash,
Cybersecurity Analyst,data_analysis,excel,numpy,tableau,powerbi,matplotlib,sql,seaborn,
Frontend Developer,cloud,s3,cloudformation,docker,lambda,aws,kubernetes,azure,
Cloud Engineer,data_analysis,python,tableau,excel,sql,seaborn,,,
Data Engineer,backend,redis,expressjs,nodejs,python,django,,,
Cybersecurity Analyst,backend,flask,redis,django,nodejs,docker,expressjs,python,sql
Cloud Engineer,frontend,typescript,bootstrap,react,tailwind,javascript,nextjs,,
Cybersecurity Analyst,frontend,vue,html,css,react,nextjs,typescript,,
DevOps Engineer,devops,kubernetes,ci/cd,aws,ansible,linux,jenkins,terraform,
SDE Intern,data_analysis,python,matplotlib,seaborn,numpy,sql,powerbi,tableau,excel
Quant Analyst,general_software,python,git,github,unit testing,json,sql,rest api,java
Data Analyst,backend,docker,nginx,python,flask,expressjs,sql,django,
Cybersecurity Analyst,quant,numpy,pandas,monte carlo,excel,python,matplotlib,statistics,
Data Analyst,devops,bash,linux,ci/cd,terraform,docker,kubernetes,,
Data Analyst,general_software,github,java,json,git,unit testing,python,sql,
Cloud Engineer,quant,numpy,python,pandas,excel,monte carlo,,,
Full Stack Developer,machine_learning,scikit-learn,pytorch,numpy,pandas,tensorflow,,,
Product Engineer,machine_learning,xgboost,pytorch,keras,tensorflow,scikit-learn,numpy,,
Data Engineer,backend,python,django,flask,docker,sql,nginx,,
Cybersecurity Analyst,backend,nodejs,mysql,nginx,docker,sql,,,
Cybersecurity Analyst,quant,python,pandas,finance,numpy,excel,monte carlo,,
DevOps Engineer,frontend,nextjs,css,html,javascript,vue,react,,
Product Engineer,quant,monte carlo,matplotlib,excel,python,statistics,pandas,,
Quant Analyst,cloud,gcp,docker,kubernetes,cloudformation,azure,aws,,
Data Engineer,machine_learning,python,numpy,scikit-learn,tensorflow,xgboost,keras,pytorch,pandas
Quant Analyst,cybersecurity,wireshark,firewalls,splunk,burpsuite,siem,nmap,,
Cybersecurity Analyst,quant,matplotlib,pandas,excel,finance,numpy,python,monte carlo,
Quant Analyst,machine_learning,pandas,pytorch,xgboost,scikit-learn,tensorflow,numpy,keras,
Systems Engineer,frontend,nextjs,react,html,tailwind,bootstrap,javascript,vue,css
Data Analyst,frontend,nextjs,typescript,vue,bootstrap,html,react,,
Data Engineer,machine_learning,python,pytorch,tensorflow,numpy,keras,scikit-learn,,
Full Stack Developer,mobile,flutter,swift,java,react native,kotlin,ios,android,firebase
Software Developer,general_software,rest api,java,sql,json,git,python,github,unit testing
Product Engineer,frontend,react,vue,tailwind,bootstrap,javascript,,,
DevOps Engineer,backend,redis,nodejs,sql,expressjs,django,python,nginx,
Product Engineer,devops,jenkins,linux,docker,bash,aws,ci/cd,kubernetes,
Systems Engineer,mobile,ios,flutter,swift,firebase,android,,,
Software Developer,machine_learning,numpy,xgboost,keras,tensorflow,python,,,
Backend Developer,machine_learning,keras,xgboost,numpy,pytorch,scikit-learn,pandas,python,tensorflow
Data Engineer,mobile,react native,kotlin,swift,ios,flutter,firebase,android,
Cybersecurity Analyst,cloud,azure,aws,cloudformation,kubernetes,gcp,lambda,docker,s3
Data Analyst,cybersecurity,nmap,firewalls,wireshark,linux,burpsuite,splunk,siem,
ML Engineer,data_analysis,sql,seaborn,pandas,tableau,numpy,powerbi,,
Quant Analyst,general_software,unit testing,rest api,github,sql,git,json,python,java
Software Developer,machine_learning,pandas,keras,numpy,tensorflow,python,,,
Software Developer,general_software,rest api,git,github,json,unit testing,,,
Data Analyst,data_analysis,numpy,excel,sql,python,tableau,powerbi,,
Cybersecurity Analyst,frontend,javascript,vue,react,tailwind,css,html,typescript,nextjs
Quant Analyst,data_analysis,excel,sql,tableau,powerbi,python,seaborn,,
Data Engineer,data_analysis,pandas,matplotlib,tableau,sql,numpy,powerbi,,
Frontend Developer,frontend,bootstrap,typescript,html,tailwind,css,,,
Backend Developer,backend,nodejs,expressjs,redis,mysql,sql,docker,flask,
Frontend Developer,general_software,json,unit testing,sql,git,rest api,github,python,java
ML Engineer,frontend,javascript,css,html,react,typescript,,,
Systems Engineer,mobile,android,firebase,ios,java,flutter,kotlin,react native,
Cybersecurity Analyst,general_software,git,github,rest api,unit testing,json,sql,python,java
Quant Analyst,devops,terraform,linux,jenkins,kubernetes,aws,,,
Systems Engineer,devops,aws,ansible,bash,linux,ci/cd,terraform,,
Software Developer,general_software,github,sql,rest api,unit testing,json,python,,
Cybersecurity Analyst,devops,jenkins,ci/cd,kubernetes,ansible,terraform,bash,docker,linux
DevOps Engineer,cybersecurity,burpsuite,linux,splunk,firewalls,wireshark,nmap,siem,
Data Engineer,backend,django,expressjs,nodejs,redis,flask,docker,,
SDE Intern,frontend,vue,javascript,typescript,tailwind,html,bootstrap,,
Frontend Developer,mobile,java,android,firebase,kotlin,swift,react native,,
Quant Analyst,cybersecurity,wireshark,linux,splunk,burpsuite,firewalls,siem,nmap,
Full Stack Developer,backend,django,redis,flask,nginx,nodejs,sql,docker,
SDE Intern,cybersecurity,wireshark,linux,nmap,splunk,siem,,,
Systems Engineer,machine_learning,python,xgboost,pandas,numpy,keras,tensorflow,,
Frontend Developer,quant,monte carlo,numpy,matplotlib,excel,statistics,pandas,finance,python
Systems Engineer,cybersecurity,burpsuite,nmap,splunk,siem,wireshark,,,
Data Engineer,general_software,unit testing,sql,rest api,python,git,java,,
ML Engineer,devops,terraform,jenkins,kubernetes,ansible,ci/cd,aws,,
SDE Intern,frontend,javascript,bootstrap,css,nextjs,react,,,
Full Stack Developer,general_software,rest api,java,sql,python,json,github,unit testing,
Frontend Developer,quant,python,finance,matplotlib,excel,monte carlo,statistics,numpy,pandas
DevOps Engineer,general_software,json,java,github,python,git,sql,,
Product Engineer,quant,pandas,numpy,statistics,matplotlib,python,,,
Backend Developer,cloud,aws,azure,cloudformation,docker,kubernetes,,,
Frontend Developer,mobile,java,android,kotlin,ios,firebase,,,
Software Developer,mobile,android,firebase,flutter,react native,swift,kotlin,,
Backend Developer,cloud,cloudformation,azure,gcp,lambda,docker,aws,s3,kubernetes
Full Stack Developer,data_analysis,matplotlib,numpy,seaborn,excel,powerbi,,,
Data Analyst,general_software,python,java,github,git,json,rest api,,
SDE Intern,frontend,tailwind,typescript,nextjs,html,react,vue,bootstrap,javascript
Data Analyst,devops,ci/cd,terraform,linux,aws,jenkins,,,
Data Analyst,general_software,git,rest api,java,sql,python,unit testing,github,
ML Engineer,quant,monte carlo,statistics,pandas,python,numpy,matplotlib,finance,
Data Engineer,cybersecurity,firewalls,linux,wireshark,splunk,burpsuite,,,
DevOps Engineer,general_software,github,unit testing,rest api,python,java,sql,,
Software Developer,general_software,unit testing,sql,java,github,python,,,
Full Stack Developer,data_analysis,seaborn,python,tableau,pandas,excel,numpy,,
Systems Engineer,data_analysis,pandas,powerbi,sql,tableau,excel,seaborn,python,
Quant Analyst,cloud,lambda,gcp,aws,kubernetes,cloudformation,s3,,
Cybersecurity Analyst,machine_learning,numpy,pandas,python,xgboost,tensorflow,scikit-learn,keras,
SDE Intern,data_analysis,python,matplotlib,numpy,seaborn,excel,sql,pandas,powerbi
ML Engineer,cloud,gcp,azure,docker,kubernetes,aws,lambda,,
Systems Engineer,devops,kubernetes,bash,terraform,ansible,aws,,,
Systems Engineer,machine_learning,numpy,python,keras,pandas,xgboost,tensorflow,pytorch,scikit-learn
ML Engineer,frontend,typescript,html,nextjs,bootstrap,tailwind,javascript,react,
ML Engineer,general_software,java,sql,json,git,unit testing,github,python,rest api
Data Analyst,general_software,java,json,python,rest api,git,unit testing,github,sql
SDE Intern,devops,docker,aws,jenkins,ansible,linux,,,
Systems Engineer,quant,statistics,excel,monte carlo,matplotlib,python,finance,,
DevOps Engineer,cybersecurity,nmap,firewalls,wireshark,splunk,siem,linux,,
Backend Developer,cloud,cloudformation,aws,gcp,kubernetes,lambda,s3,docker,
Frontend Developer,cybersecurity,burpsuite,firewalls,siem,linux,wireshark,nmap,splunk,
DevOps Engineer,general_software,unit testing,java,sql,github,rest api,python,json,
Frontend Developer,general_software,sql,java,json,python,github,git,unit testing,
Quant Analyst,quant,monte carlo,excel,python,statistics,pandas,numpy,matplotlib,
Full Stack Developer,machine_learning,scikit-learn,keras,tensorflow,pytorch,pandas,numpy,xgboost,python
DevOps Engineer,devops,kubernetes,ansible,docker,terraform,jenkins,bash,ci/cd,linux
Systems Engineer,general_software,unit testing,java,rest api,github,sql,json,python,git
ML Engineer,cloud,lambda,kubernetes,aws,s3,gcp,docker,cloudformation,
Data Engineer,devops,docker,kubernetes,ci/cd,linux,aws,ansible,terraform,jenkins
SDE Intern,machine_learning,pandas,tensorflow,numpy,scikit-learn,python,xgboost,keras,pytorch
ML Engineer,mobile,flutter,kotlin,java,android,react native,firebase,ios,swift
Frontend Developer,frontend,tailwind,html,javascript,vue,css,,,
Cybersecurity Analyst,cloud,aws,cloudformation,gcp,docker,s3,,,
Quant Analyst,cloud,azure,lambda,docker,aws,cloudformation,s3,,
DevOps Engineer,devops,bash,aws,ci/cd,jenkins,ansible,kubernetes,linux,terraform
Backend Developer,general_software,git,json,java,sql,python,github,unit testing,
Data Engineer,frontend,javascript,bootstrap,tailwind,vue,nextjs,,,
Data Science Intern,backend,sql,django,flask,expressjs,redis,mysql,python,nodejs
Data Analyst,cybersecurity,nmap,firewalls,burpsuite,siem,wireshark,linux,,
Data Science Intern,machine_learning,keras,scikit-learn,python,pandas,xgboost,tensorflow,pytorch,
Systems Engineer,data_analysis,matplotlib,excel,powerbi,python,tableau,pandas,,
Systems Engineer,frontend,css,tailwind,html,bootstrap,vue,,,
SDE Intern,frontend,javascript,tailwind,html,typescript,bootstrap,css,react,
Product Engineer,general_software,json,sql,python,unit testing,java,rest api,github,
Cloud Engineer,quant,numpy,python,excel,finance,monte carlo,,,
Quant Analyst,quant,finance,statistics,python,pandas,numpy,,,
Cloud Engineer,mobile,java,firebase,flutter,swift,react native,android,,
Full Stack Developer,devops,kubernetes,bash,aws,terraform,ci/cd,ansible,,
Frontend Developer,mobile,react native,java,flutter,firebase,ios,,,
Cloud Engineer,general_software,java,sql,git,json,python,,,
Data Analyst,machine_learning,xgboost,python,pandas,numpy,keras,pytorch,scikit-learn,
Data Science Intern,backend,docker,sql,flask,python,nodejs,,,
Data Engineer,data_analysis,python,pandas,powerbi,sql,numpy,excel,,
Data Analyst,cybersecurity,firewalls,linux,siem,wireshark,burpsuite,,,
Backend Developer,cybersecurity,firewalls,linux,burpsuite,wireshark,splunk,nmap,,
ML Engineer,devops,aws,docker,bash,linux,ci/cd,jenkins,terraform,kubernetes
Quant Analyst,data_analysis,seaborn,numpy,powerbi,tableau,excel,matplotlib,sql,
Data Engineer,devops,bash,ansible,terraform,ci/cd,linux,,,
Full Stack Developer,machine_learning,python,pytorch,pandas,numpy,tensorflow,xgboost,keras,
Systems Engineer,devops,linux,kubernetes,aws,ci/cd,ansible,bash,docker,
SDE Intern,general_software,json,sql,unit testing,rest api,python,,,
Systems Engineer,general_software,rest api,json,sql,unit testing,git,github,,
Backend Developer,devops,jenkins,bash,kubernetes,ansible,ci/cd,aws,terraform,docker
Data Engineer,backend,redis,expressjs,mysql,sql,django,nodejs,python,
Product Engineer,devops,aws,ansible,kubernetes,bash,terraform,jenkins,ci/cd,docker
Quant Analyst,general_software,sql,unit testing,java,python,rest api,git,,
Frontend Developer,mobile,java,swift,ios,flutter,android,firebase,kotlin,react native
Data Engineer,quant,statistics,monte carlo,matplotlib,numpy,excel,python,finance,pandas
Backend Developer,devops,jenkins,bash,kubernetes,aws,docker,,,
Cloud Engineer,quant,matplotlib,pandas,statistics,finance,monte carlo,,,
Cybersecurity Analyst,backend,expressjs,redis,python,flask,nginx,,,
Data Engineer,devops,kubernetes,bash,jenkins,linux,docker,terraform,aws,ci/cd
Frontend Developer,backend,docker,sql,django,nodejs,mysql,,,
Software Developer,cloud,kubernetes,s3,aws,docker,cloudformation,,,
Product Engineer,data_analysis,excel,sql,numpy,powerbi,python,pandas,tableau,seaborn
Frontend Developer,cybersecurity,wireshark,linux,firewalls,burpsuite,splunk,,,
Cloud Engineer,cybersecurity,linux,firewalls,wireshark,siem,splunk,nmap,,
SDE Intern,machine_learning,scikit-learn,keras,tensorflow,pytorch,numpy,xgboost,python,
Cloud Engineer,devops,bash,jenkins,ci/cd,docker,aws,,,
Systems Engineer,backend,flask,expressjs,docker,nodejs,sql,nginx,,
Full Stack Developer,quant,excel,statistics,numpy,python,pandas,matplotlib,monte carlo,
ML Engineer,cybersecurity,splunk,firewalls,burpsuite,siem,nmap,,,
Cloud Engineer,machine_learning,scikit-learn,pandas,tensorflow,numpy,python,pytorch,xgboost,
Data Science Intern,data_analysis,numpy,matplotlib,seaborn,sql,excel,,,
Product Engineer,quant,python,matplotlib,pandas,numpy,statistics,,,
Data Science Intern,mobile,java,kotlin,react native,swift,flutter,android,ios,firebase
Quant Analyst,general_software,github,json,python,git,sql,unit testing,rest api,
ML Engineer,machine_learning,pytorch,xgboost,scikit-learn,keras,pandas,numpy,tensorflow,python
Data Analyst,machine_learning,tensorflow,pandas,python,keras,xgboost,pytorch,numpy,scikit-learn
Data Science Intern,general_software,json,git,python,unit testing,java,rest api,github,
Frontend Developer,backend,python,redis,sql,docker,nodejs,expressjs,flask,nginx
Quant Analyst,data_analysis,pandas,tableau,matplotlib,powerbi,sql,excel,numpy,
Systems Engineer,devops,bash,terraform,ci/cd,aws,jenkins,linux,ansible,docker
Cloud Engineer,devops,docker,bash,kubernetes,linux,ansible,ci/cd,aws,
Cloud Engineer,mobile,swift,flutter,firebase,ios,java,,,
Quant Analyst,cybersecurity,splunk,siem,wireshark,linux,nmap,,,
Systems Engineer,cloud,lambda,cloudformation,aws,kubernetes,azure,gcp,docker,s3
Quant Analyst,frontend,css,bootstrap,react,nextjs,vue,,,
ML Engineer,quant,monte carlo,pandas,excel,numpy,statistics,,,
SDE Intern,devops,jenkins,bash,terraform,aws,ci/cd,,,
Cybersecurity Analyst,quant,numpy,matplotlib,statistics,finance,excel,pandas,,
Frontend Developer,backend,redis,nodejs,expressjs,sql,nginx,django,mysql,
DevOps Engineer,devops,kubernetes,ci/cd,ansible,aws,jenkins,docker,linux,bash
Quant Analyst,machine_learning,xgboost,scikit-learn,pytorch,tensorflow,python,keras,numpy,
Full Stack Developer,backend,flask,mysql,redis,nginx,expressjs,nodejs,,
Backend Developer,quant,python,numpy,monte carlo,statistics,pandas,,,
DevOps Engineer,general_software,git,unit testing,json,sql,python,rest api,github,
Data Science Intern,quant,statistics,python,finance,monte carlo,matplotlib,excel,numpy,
Cybersecurity Analyst,cybersecurity,nmap,siem,linux,firewalls,burpsuite,splunk,wireshark,
Product Engineer,general_software,java,rest api,python,unit testing,git,github,json,sql
Cybersecurity Analyst,quant,numpy,finance,python,monte carlo,statistics,matplotlib,excel,
Data Science Intern,cybersecurity,burpsuite,wireshark,splunk,linux,nmap,,,
SDE Intern,cloud,s3,aws,lambda,docker,azure,gcp,kubernetes,
Quant Analyst,cybersecurity,wireshark,linux,burpsuite,firewalls,nmap,,,
SDE Intern,machine_learning,keras,scikit-learn,pytorch,tensorflow,numpy,pandas,,
DevOps Engineer,machine_learning,pandas,scikit-learn,python,pytorch,keras,numpy,xgboost,
Product Engineer,backend,sql,python,django,redis,expressjs,,,
Full Stack Developer,machine_learning,keras,python,scikit-learn,numpy,pandas,,,
Full Stack Developer,machine_learning,pandas,scikit-learn,python,pytorch,keras,xgboost,tensorflow,
Data Engineer,backend,docker,django,nodejs,mysql,redis,sql,flask,python
Cybersecurity Analyst,cybersecurity,wireshark,nmap,siem,burpsuite,linux,splunk,,
SDE Intern,cybersecurity,siem,linux,splunk,nmap,burpsuite,,,
Full Stack Developer,devops,ci/cd,linux,bash,docker,kubernetes,,,
Full Stack Developer,frontend,react,javascript,vue,css,bootstrap,nextjs,typescript,
Full Stack Developer,mobile,java,react native,android,swift,firebase,kotlin,,
SDE Intern,frontend,css,html,react,typescript,tailwind,vue,bootstrap,
Software Developer,devops,linux,docker,bash,ci/cd,terraform,ansible,kubernetes,jenkins
Frontend Developer,devops,docker,aws,linux,ci/cd,ansible,bash,jenkins,
Data Engineer,devops,terraform,bash,jenkins,linux,kubernetes,ansible,,
Cybersecurity Analyst,quant,pandas,statistics,matplotlib,finance,excel,python,monte carlo,
Data Science Intern,general_software,sql,python,git,rest api,json,java,unit testing,
Product Engineer,frontend,css,bootstrap,typescript,html,vue,nextjs,react,javascript
Quant Analyst,cybersecurity,siem,linux,nmap,burpsuite,firewalls,splunk,wireshark,
Frontend Developer,mobile,swift,firebase,android,kotlin,ios,,,
Data Science Intern,cloud,lambda,azure,aws,docker,gcp,kubernetes,cloudformation,
Software Developer,machine_learning,pandas,scikit-learn,xgboost,keras,numpy,python,,
Software Developer,cybersecurity,splunk,wireshark,nmap,burpsuite,linux,firewalls,,
Systems Engineer,cloud,s3,docker,gcp,cloudformation,kubernetes,azure,aws,
Product Engineer,machine_learning,numpy,xgboost,python,tensorflow,scikit-learn,,,
Data Analyst,devops,kubernetes,aws,docker,bash,ci/cd,terraform,,
Cybersecurity Analyst,cybersecurity,nmap,splunk,siem,firewalls,linux,wireshark,burpsuite,
Systems Engineer,cybersecurity,linux,siem,wireshark,splunk,burpsuite,firewalls,,
Full Stack Developer,quant,numpy,finance,pandas,python,matplotlib,,,
Quant Analyst,general_software,git,rest api,sql,java,python,json,github,unit testing
Cybersecurity Analyst,cybersecurity,linux,nmap,wireshark,burpsuite,siem,splunk,firewalls,
Frontend Developer,general_software,rest api,git,java,json,github,sql,python,unit testing
Systems Engineer,general_software,git,github,rest api,sql,unit testing,,,
Systems Engineer,cybersecurity,siem,wireshark,splunk,linux,nmap,burpsuite,,
Systems Engineer,quant,statistics,excel,numpy,python,pandas,,,
Data Science Intern,data_analysis,pandas,python,tableau,excel,matplotlib,seaborn,,
DevOps Engineer,cybersecurity,splunk,linux,siem,firewalls,nmap,burpsuite,wireshark,
Quant Analyst,mobile,android,ios,swift,firebase,kotlin,flutter,java,react native
Product Engineer,devops,ansible,jenkins,docker,bash,linux,terraform,kubernetes,ci/cd
Software Developer,backend,django,sql,nodejs,mysql,nginx,flask,expressjs,
Quant Analyst,machine_learning,numpy,keras,pytorch,pandas,scikit-learn,tensorflow,xgboost,python
Product Engineer,data_analysis,sql,pandas,matplotlib,seaborn,tableau,powerbi,,
Data Science Intern,backend,docker,nodejs,expressjs,python,mysql,nginx,,
Data Science Intern,general_software,sql,json,git,python,unit testing,github,,
ML Engineer,devops,ansible,linux,aws,docker,bash,kubernetes,ci/cd,terraform
SDE Intern,machine_learning,python,keras,scikit-learn,xgboost,numpy,pytorch,pandas,
Systems Engineer,general_software,github,git,java,sql,json,,,
Quant Analyst,machine_learning,keras,tensorflow,pytorch,scikit-learn,numpy,,,
Frontend Developer,machine_learning,python,pytorch,pandas,numpy,scikit-learn,,,
Cybersecurity Analyst,devops,terraform,linux,aws,jenkins,ansible,,,
Cloud Engineer,machine_learning,python,pytorch,tensorflow,numpy,keras,scikit-learn,,
Data Analyst,general_software,rest api,github,python,git,unit testing,sql,,
DevOps Engineer,data_analysis,seaborn,excel,python,numpy,sql,pandas,,
Data Engineer,devops,terraform,ansible,ci/cd,aws,kubernetes,linux,,
Frontend Developer,frontend,tailwind,vue,typescript,css,nextjs,,,
Product Engineer,data_analysis,powerbi,pandas,matplotlib,tableau,numpy,python,sql,seaborn
Data Science Intern,general_software,python,github,rest api,git,sql,,,
Systems Engineer,general_software,rest api,java,unit testing,json,sql,,,
Backend Developer,devops,ci/cd,jenkins,bash,linux,ansible,aws,kubernetes,terraform
Data Analyst,backend,flask,python,nginx,docker,redis,mysql,sql,nodejs
Data Science Intern,backend,sql,docker,django,nodejs,python,nginx,mysql,redis
Data Engineer,machine_learning,python,pytorch,pandas,numpy,tensorflow,keras,scikit-learn,xgboost
Software Developer,frontend,javascript,vue,typescript,tailwind,css,react,html,bootstrap
Frontend Developer,cloud,docker,gcp,s3,cloudformation,aws,lambda,,
Cybersecurity Analyst,devops,bash,ansible,terraform,ci/cd,aws,docker,linux,kubernetes
Backend Developer,quant,excel,monte carlo,finance,numpy,pandas,python,statistics,matplotlib
Data Engineer,mobile,ios,kotlin,java,react native,swift,android,,
Software Developer,cloud,docker,s3,kubernetes,lambda,cloudformation,,,
Quant Analyst,quant,matplotlib,statistics,numpy,finance,monte carlo,python,excel,
Data Science Intern,backend,flask,django,docker,nodejs,redis,python,nginx,mysql
Cybersecurity Analyst,machine_learning,keras,xgboost,scikit-learn,python,pytorch,numpy,tensorflow,
Backend Developer,quant,matplotlib,pandas,excel,monte carlo,finance,statistics,numpy,
ML Engineer,machine_learning,scikit-learn,tensorflow,pytorch,pandas,xgboost,numpy,python,keras
Product Engineer,backend,docker,sql,django,nginx,nodejs,python,flask,expressjs
DevOps Engineer,general_software,json,github,python,unit testing,sql,java,rest api,git
Systems Engineer,cybersecurity,linux,nmap,splunk,siem,firewalls,wireshark,,
Cloud Engineer,general_software,java,git,rest api,github,python,json,,
Data Engineer,machine_learning,python,keras,numpy,tensorflow,scikit-learn,pytorch,,
Data Engineer,frontend,vue,react,css,nextjs,typescript,,,
DevOps Engineer,machine_learning,pytorch,python,pandas,tensorflow,keras,,,
Cybersecurity Analyst,cybersecurity,wireshark,burpsuite,siem,linux,nmap,splunk,firewalls,
Full Stack Developer,devops,docker,ci/cd,linux,terraform,kubernetes,jenkins,aws,
Full Stack Developer,data_analysis,sql,excel,matplotlib,tableau,python,,,
Full Stack Developer,frontend,tailwind,react,bootstrap,css,html,nextjs,typescript,javascript
Backend Developer,backend,docker,expressjs,mysql,sql,python,nodejs,,
Full Stack Developer,cloud,aws,lambda,gcp,kubernetes,azure,docker,s3,
Quant Analyst,backend,flask,expressjs,django,redis,sql,,,
Data Engineer,mobile,swift,ios,kotlin,android,react native,flutter,firebase,
Product Engineer,frontend,css,react,vue,html,nextjs,typescript,,
Full Stack Developer,cloud,docker,cloudformation,lambda,gcp,s3,kubernetes,aws,azure
Data Analyst,data_analysis,python,sql,numpy,tableau,excel,,,
Data Science Intern,devops,docker,jenkins,aws,bash,ansible,linux,kubernetes,terraform
Product Engineer,cloud,cloudformation,azure,aws,docker,gcp,s3,lambda,kubernetes
Frontend Developer,mobile,kotlin,ios,java,android,flutter,,,
Data Engineer,devops,ci/cd,ansible,aws,linux,docker,jenkins,bash,
Product Engineer,general_software,rest api,java,git,sql,json,github,unit testing,python
Quant Analyst,devops,docker,terraform,ansible,jenkins,bash,ci/cd,aws,kubernetes
Frontend Developer,devops,docker,terraform,linux,ci/cd,bash,jenkins,kubernetes,ansible
Product Engineer,frontend,javascript,css,react,typescript,nextjs,,,
Software Developer,backend,sql,docker,expressjs,mysql,django,,,
Product Engineer,mobile,kotlin,swift,firebase,flutter,ios,react native,android,java
ML Engineer,devops,jenkins,linux,docker,ansible,bash,,,
Product Engineer,mobile,android,kotlin,ios,react native,java,,,
Systems Engineer,quant,pandas,monte carlo,finance,matplotlib,python,statistics,excel,numpy
Product Engineer,frontend,javascript,react,vue,typescript,html,tailwind,bootstrap,nextjs
Data Science Intern,frontend,react,bootstrap,vue,javascript,css,nextjs,typescript,tailwind
Data Analyst,backend,python,nodejs,sql,django,docker,redis,,
Systems Engineer,quant,finance,excel,matplotlib,python,statistics,numpy,monte carlo,
Product Engineer,frontend,css,tailwind,typescript,vue,bootstrap,react,html,
Data Analyst,general_software,github,sql,python,git,unit testing,java,rest api,json
Cloud Engineer,data_analysis,python,powerbi,seaborn,sql,tableau,numpy,,
Backend Developer,frontend,tailwind,bootstrap,typescript,javascript,react,nextjs,vue,css
Quant Analyst,frontend,typescript,html,nextjs,react,css,,,
SDE Intern,backend,flask,python,expressjs,mysql,redis,nginx,docker,
Cybersecurity Analyst,devops,terraform,docker,kubernetes,bash,ansible,jenkins,ci/cd,linux
Backend Developer,frontend,typescript,vue,javascript,bootstrap,react,css,tailwind,nextjs
Data Engineer,cloud,lambda,kubernetes,cloudformation,azure,docker,,,
DevOps Engineer,machine_learning,python,pandas,keras,scikit-learn,numpy,,,
Frontend Developer,frontend,javascript,nextjs,html,react,bootstrap,tailwind,vue,typescript
Systems Engineer,mobile,java,ios,android,react native,kotlin,swift,firebase,flutter
Frontend Developer,mobile,react native,swift,kotlin,flutter,android,,,
Full Stack Developer,devops,ansible,terraform,aws,bash,kubernetes,,,
DevOps Engineer,machine_learning,pytorch,pandas,scikit-learn,python,xgboost,,,
Software Developer,general_software,sql,git,python,json,github,java,,
Product Engineer,cybersecurity,siem,linux,burpsuite,splunk,wireshark,,,
Cloud Engineer,cloud,lambda,aws,docker,azure,kubernetes,s3,cloudformation,
Quant Analyst,cloud,aws,docker,s3,cloudformation,kubernetes,,,
SDE Intern,backend,python,nodejs,mysql,django,nginx,expressjs,sql,docker
DevOps Engineer,machine_learning,keras,numpy,scikit-learn,pandas,tensorflow,pytorch,python,xgboost
Data Science Intern,quant,finance,statistics,monte carlo,numpy,matplotlib,excel,python,pandas
Full Stack Developer,general_software,python,github,rest api,sql,java,unit testing,json,
Quant Analyst,data_analysis,python,powerbi,sql,numpy,excel,,,
Backend Developer,cybersecurity,linux,wireshark,nmap,siem,splunk,burpsuite,firewalls,
Cybersecurity Analyst,quant,monte carlo,excel,finance,numpy,pandas,matplotlib,,
Full Stack Developer,backend,nginx,docker,django,redis,python,mysql,,
Cloud Engineer,machine_learning,pandas,keras,tensorflow,pytorch,xgboost,,,
Backend Developer,quant,monte carlo,matplotlib,numpy,statistics,pandas,,,
Cloud Engineer,data_analysis,tableau,powerbi,excel,numpy,matplotlib,pandas,python,sql
Frontend Developer,data_analysis,powerbi,numpy,seaborn,matplotlib,sql,,,
Data Analyst,general_software,unit testing,sql,github,json,java,git,,
SDE Intern,data_analysis,powerbi,tableau,seaborn,excel,python,,,
SDE Intern,data_analysis,excel,python,sql,numpy,powerbi,matplotlib,tableau,
Data Science Intern,quant,numpy,matplotlib,pandas,monte carlo,python,finance,excel,
Cloud Engineer,quant,statistics,finance,matplotlib,monte carlo,excel,,,
Software Developer,cybersecurity,firewalls,nmap,burpsuite,siem,splunk,,,
Backend Developer,quant,excel,monte carlo,python,pandas,numpy,matplotlib,finance,
Software Developer,quant,monte carlo,statistics,matplotlib,python,excel,numpy,,
ML Engineer,mobile,swift,firebase,java,flutter,react native,android,,
Backend Developer,cybersecurity,splunk,siem,nmap,firewalls,linux,wireshark,burpsuite,
Backend Developer,data_analysis,matplotlib,excel,powerbi,tableau,python,seaborn,,
Data Engineer,mobile,java,kotlin,android,swift,firebase,flutter,react native,
Systems Engineer,quant,statistics,finance,matplotlib,python,pandas,,,
SDE Intern,data_analysis,python,matplotlib,tableau,powerbi,numpy,seaborn,excel,
SDE Intern,general_software,unit testing,python,json,sql,github,git,rest api,
Systems Engineer,cybersecurity,firewalls,wireshark,siem,linux,nmap,,,
Data Science Intern,devops,aws,ansible,kubernetes,jenkins,terraform,docker,bash,ci/cd
Backend Developer,cybersecurity,splunk,siem,nmap,wireshark,firewalls,linux,burpsuite,
DevOps Engineer,mobile,ios,android,react native,firebase,kotlin,java,,
Systems Engineer,mobile,ios,java,flutter,react native,firebase,android,,
ML Engineer,frontend,typescript,react,tailwind,html,css,bootstrap,javascript,nextjs
ML Engineer,quant,matplotlib,finance,python,monte carlo,pandas,excel,,
Data Engineer,devops,ci/cd,docker,ansible,aws,terraform,jenkins,linux,kubernetes
Frontend Developer,cybersecurity,siem,nmap,burpsuite,wireshark,linux,firewalls,splunk,
SDE Intern,data_analysis,matplotlib,tableau,pandas,sql,excel,,,
Backend Developer,cybersecurity,linux,burpsuite,wireshark,firewalls,siem,splunk,nmap,
Backend Developer,data_analysis,numpy,matplotlib,python,tableau,pandas,sql,seaborn,
Cybersecurity Analyst,backend,nodejs,expressjs,redis,django,mysql,python,nginx,
Cloud Engineer,machine_learning,python,numpy,scikit-learn,pytorch,pandas,tensorflow,xgboost,keras
DevOps Engineer,quant,finance,excel,numpy,pandas,python,,,
Cybersecurity Analyst,general_software,git,github,json,unit testing,python,java,rest api,sql
Data Engineer,frontend,react,typescript,nextjs,vue,css,tailwind,javascript,html
SDE Intern,machine_learning,keras,numpy,tensorflow,scikit-learn,python,xgboost,pandas,pytorch
Software Developer,backend,nodejs,python,redis,mysql,nginx,docker,sql,
ML Engineer,general_software,sql,json,git,python,rest api,,,
Product Engineer,mobile,react native,firebase,kotlin,swift,ios,,,
Cloud Engineer,devops,linux,jenkins,docker,terraform,kubernetes,bash,aws,
SDE Intern,machine_learning,scikit-learn,pytorch,tensorflow,numpy,keras,pandas,python,
Data Analyst,frontend,css,vue,react,html,nextjs,bootstrap,,
Systems Engineer,mobile,react native,flutter,firebase,android,swift,kotlin,ios,
Data Analyst,general_software,github,java,json,python,sql,rest api,unit testing,
ML Engineer,machine_learning,xgboost,numpy,tensorflow,pytorch,pandas,keras,python,scikit-learn
Cybersecurity Analyst,cybersecurity,burpsuite,splunk,wireshark,firewalls,siem,linux,,
Quant Analyst,devops,linux,kubernetes,ansible,bash,jenkins,terraform,docker,
Cybersecurity Analyst,mobile,android,firebase,kotlin,flutter,swift,,,
Product Engineer,frontend,javascript,react,nextjs,tailwind,bootstrap,vue,html,typescript
DevOps Engineer,general_software,java,sql,rest api,json,unit testing,git,python,github
Cybersecurity Analyst,mobile,react native,ios,flutter,kotlin,java,android,swift,
Full Stack Developer,cloud,azure,kubernetes,gcp,lambda,s3,cloudformation,aws,
Systems Engineer,quant,statistics,excel,pandas,matplotlib,numpy,python,,
Cloud Engineer,mobile,kotlin,ios,flutter,android,react native,java,swift,
Data Engineer,cloud,s3,lambda,cloudformation,docker,aws,gcp,azure,
Systems Engineer,backend,sql,docker,python,nodejs,flask,nginx,django,
Full Stack Developer,cybersecurity,linux,siem,splunk,nmap,burpsuite,,,
Software Developer,machine_learning,pytorch,numpy,xgboost,pandas,tensorflow,python,scikit-learn,keras
Systems Engineer,general_software,github,sql,git,json,python,,,
Product Engineer,devops,kubernetes,ci/cd,terraform,aws,bash,,,
ML Engineer,cloud,s3,aws,gcp,azure,lambda,kubernetes,cloudformation,docker
Data Science Intern,data_analysis,tableau,numpy,pandas,sql,matplotlib,excel,python,powerbi
ML Engineer,mobile,android,ios,firebase,swift,java,flutter,kotlin,
ML Engineer,cybersecurity,nmap,linux,siem,burpsuite,wireshark,firewalls,splunk,
Cybersecurity Analyst,machine_learning,python,pytorch,tensorflow,scikit-learn,pandas,keras,xgboost,
SDE Intern,machine_learning,pytorch,pandas,xgboost,keras,numpy,tensorflow,,
DevOps Engineer,frontend,html,nextjs,javascript,tailwind,css,typescript,vue,
Data Engineer,data_analysis,seaborn,matplotlib,python,excel,sql,pandas,powerbi,
Data Engineer,cloud,lambda,kubernetes,cloudformation,azure,aws,docker,gcp,s3
Cloud Engineer,frontend,react,vue,javascript,css,typescript,html,nextjs,
SDE Intern,quant,excel,numpy,monte carlo,pandas,python,finance,matplotlib,statistics
Cybersecurity Analyst,cybersecurity,burpsuite,siem,splunk,firewalls,nmap,linux,wireshark,
Frontend Developer,machine_learning,pandas,scikit-learn,numpy,python,keras,,,
SDE Intern,quant,python,finance,monte carlo,matplotlib,pandas,statistics,numpy,excel
Backend Developer,cybersecurity,burpsuite,linux,firewalls,nmap,wireshark,splunk,siem,
Cloud Engineer,general_software,github,unit testing,python,git,java,rest api,json,sql
DevOps Engineer,backend,flask,python,docker,mysql,nodejs,,,
Full Stack Developer,data_analysis,python,matplotlib,tableau,excel,pandas,powerbi,seaborn,
ML Engineer,backend,sql,flask,nginx,nodejs,expressjs,python,redis,
Data Analyst,cloud,aws,lambda,azure,gcp,cloudformation,docker,,
Full Stack Developer,machine_learning,pytorch,pandas,tensorflow,numpy,xgboost,keras,,
Quant Analyst,devops,linux,aws,kubernetes,terraform,ci/cd,,,
Cybersecurity Analyst,mobile,firebase,react native,swift,android,kotlin,java,ios,flutter
ML Engineer,cloud,docker,gcp,kubernetes,lambda,cloudformation,s3,azure,
Data Engineer,data_analysis,tableau,numpy,sql,seaborn,excel,python,matplotlib,powerbi
Product Engineer,frontend,bootstrap,nextjs,vue,html,javascript,react,typescript,
SDE Intern,machine_learning,scikit-learn,numpy,xgboost,pytorch,keras,python,tensorflow,pandas
Software Developer,mobile,swift,react native,kotlin,flutter,firebase,,,
Backend Developer,devops,ansible,jenkins,aws,docker,terraform,,,
Data Engineer,general_software,json,github,git,rest api,unit testing,sql,,
Full Stack Developer,general_software,java,python,git,rest api,unit testing,sql,json,
Systems Engineer,quant,excel,pandas,monte carlo,finance,numpy,,,
Systems Engineer,data_analysis,excel,pandas,matplotlib,tableau,powerbi,python,numpy,
Frontend Developer,cybersecurity,splunk,siem,burpsuite,firewalls,nmap,linux,wireshark,
Backend Developer,devops,bash,kubernetes,ci/cd,docker,terraform,aws,,
Cybersecurity Analyst,mobile,swift,java,android,react native,kotlin,firebase,ios,
Cybersecurity Analyst,backend,nodejs,redis,django,nginx,expressjs,,,
Data Science Intern,frontend,nextjs,css,html,typescript,javascript,bootstrap,,
Frontend Developer,backend,nodejs,flask,docker,expressjs,sql,redis,django,mysql
Full Stack Developer,general_software,git,unit testing,java,json,sql,github,rest api,
Data Science Intern,machine_learning,scikit-learn,python,numpy,tensorflow,pytorch,xgboost,,
Cybersecurity Analyst,cybersecurity,burpsuite,firewalls,nmap,linux,wireshark,splunk,,
Software Developer,backend,docker,redis,expressjs,mysql,nginx,sql,nodejs,
ML Engineer,frontend,nextjs,react,tailwind,bootstrap,typescript,css,javascript,html
ML Engineer,cloud,aws,s3,kubernetes,lambda,azure,cloudformation,gcp,
Frontend Developer,cybersecurity,burpsuite,firewalls,wireshark,nmap,linux,siem,,
Data Engineer,data_analysis,numpy,tableau,excel,seaborn,matplotlib,,,
Data Engineer,data_analysis,excel,powerbi,numpy,sql,seaborn,tableau,matplotlib,pandas
ML Engineer,backend,nginx,expressjs,django,docker,flask,nodejs,,
Product Engineer,general_software,git,java,github,json,unit testing,,,
Cloud Engineer,data_analysis,powerbi,sql,matplotlib,numpy,python,tableau,pandas,
Software Developer,general_software,sql,github,unit testing,rest api,json,python,,
DevOps Engineer,mobile,android,kotlin,react native,swift,ios,firebase,flutter,java
Systems Engineer,data_analysis,matplotlib,sql,numpy,tableau,seaborn,powerbi,,
Quant Analyst,cybersecurity,siem,splunk,nmap,firewalls,wireshark,burpsuite,linux,
Backend Developer,frontend,typescript,react,vue,bootstrap,nextjs,css,,
Data Engineer,machine_learning,numpy,pandas,tensorflow,xgboost,pytorch,keras,,
Quant Analyst,data_analysis,numpy,pandas,excel,python,seaborn,matplotlib,sql,
Quant Analyst,mobile,flutter,java,kotlin,swift,ios,react native,android,firebase
Cloud Engineer,frontend,typescript,tailwind,vue,nextjs,css,,,
Cloud Engineer,mobile,react native,kotlin,swift,firebase,java,flutter,ios,android
Product Engineer,frontend,tailwind,css,html,javascript,nextjs,,,
Data Analyst,backend,django,mysql,sql,nodejs,python,nginx,expressjs,docker
Quant Analyst,machine_learning,tensorflow,scikit-learn,keras,python,numpy,pandas,xgboost,pytorch
Cybersecurity Analyst,general_software,github,rest api,git,sql,json,python,unit testing,
Backend Developer,cloud,azure,docker,kubernetes,aws,lambda,gcp,cloudformation,s3
Quant Analyst,quant,python,numpy,excel,finance,matplotlib,pandas,monte carlo,statistics
Data Analyst,frontend,vue,tailwind,react,typescript,javascript,html,css,
Data Engineer,machine_learning,pandas,scikit-learn,python,tensorflow,xgboost,numpy,keras,
Cloud Engineer,general_software,github,json,sql,unit testing,git,,,
Frontend Developer,cybersecurity,splunk,firewalls,burpsuite,siem,nmap,linux,wireshark,
Frontend Developer,cloud,kubernetes,aws,azure,cloudformation,s3,docker,gcp,
Quant Analyst,backend,django,docker,nginx,sql,redis,expressjs,flask,
Cybersecurity Analyst,data_analysis,matplotlib,powerbi,pandas,seaborn,numpy,python,tableau,sql
Data Engineer,frontend,tailwind,javascript,typescript,nextjs,bootstrap,react,html,css
Full Stack Developer,devops,ci/cd,linux,aws,ansible,bash,jenkins,terraform,
SDE Intern,cybersecurity,siem,nmap,wireshark,burpsuite,linux,,,
Systems Engineer,cloud,lambda,gcp,azure,kubernetes,cloudformation,aws,s3,docker
Full Stack Developer,mobile,ios,firebase,swift,kotlin,android,java,,
Data Analyst,backend,nginx,python,flask,docker,expressjs,,,
Product Engineer,data_analysis,excel,pandas,tableau,matplotlib,numpy,python,,
Cybersecurity Analyst,backend,nodejs,mysql,sql,django,expressjs,docker,flask,
Cybersecurity Analyst,data_analysis,numpy,sql,excel,tableau,seaborn,,,
Data Science Intern,cloud,kubernetes,azure,s3,aws,docker,,,
Software Developer,data_analysis,seaborn,numpy,pandas,powerbi,excel,sql,matplotlib,tableau
Software Developer,cloud,gcp,s3,azure,kubernetes,cloudformation,aws,lambda,docker
Data Engineer,cloud,aws,s3,lambda,kubernetes,gcp,docker,cloudformation,
ML Engineer,devops,jenkins,linux,terraform,ansible,bash,aws,,
Frontend Developer,data_analysis,excel,tableau,pandas,python,powerbi,matplotlib,numpy,
Frontend Developer,mobile,android,firebase,flutter,swift,java,react native,ios,kotlin
Data Engineer,frontend,react,typescript,css,bootstrap,html,vue,,
Full Stack Developer,cybersecurity,nmap,firewalls,wireshark,burpsuite,siem,splunk,linux,
Systems Engineer,data_analysis,seaborn,numpy,sql,excel,tableau,,,
Backend Developer,mobile,swift,flutter,firebase,java,react native,,,
Cloud Engineer,data_analysis,python,sql,tableau,pandas,seaborn,numpy,powerbi,matplotlib
SDE Intern,cybersecurity,siem,firewalls,splunk,wireshark,nmap,burpsuite,,
SDE Intern,quant,finance,excel,matplotlib,monte carlo,numpy,statistics,,
Data Engineer,cybersecurity,firewalls,linux,wireshark,nmap,burpsuite,splunk,siem,
Cybersecurity Analyst,frontend,html,tailwind,nextjs,typescript,vue,react,bootstrap,javascript
SDE Intern,data_analysis,tableau,numpy,pandas,python,seaborn,sql,excel,
Software Developer,general_software,unit testing,github,rest api,java,sql,python,json,git
Data Science Intern,devops,ci/cd,linux,docker,aws,bash,,,
Software Developer,general_software,rest api,python,sql,github,java,unit testing,git,json
Full Stack Developer,data_analysis,powerbi,sql,matplotlib,python,pandas,seaborn,,
Cybersecurity Analyst,cybersecurity,linux,siem,splunk,burpsuite,firewalls,wireshark,,
Cloud Engineer,mobile,firebase,java,android,swift,kotlin,ios,react native,flutter
Cloud Engineer,backend,nodejs,python,mysql,redis,docker,,,
Backend Developer,quant,monte carlo,statistics,python,matplotlib,finance,excel,pandas,
Systems Engineer,cloud,lambda,docker,aws,gcp,s3,kubernetes,,
Backend Developer,frontend,css,vue,typescript,bootstrap,html,,,
SDE Intern,cloud,gcp,azure,docker,lambda,s3,,,
Software Developer,devops,kubernetes,aws,docker,ansible,terraform,bash,,
Data Science Intern,devops,aws,ci/cd,jenkins,docker,ansible,linux,kubernetes,
Product Engineer,devops,ci/cd,kubernetes,linux,docker,terraform,jenkins,aws,ansible
Cloud Engineer,backend,python,nodejs,docker,django,flask,expressjs,mysql,sql
Data Science Intern,machine_learning,scikit-learn,pytorch,numpy,tensorflow,python,xgboost,keras,
SDE Intern,cybersecurity,burpsuite,firewalls,wireshark,siem,splunk,,,
Product Engineer,cloud,gcp,docker,lambda,kubernetes,aws,,,
Software Developer,general_software,rest api,git,unit testing,json,java,python,github,
Data Engineer,data_analysis,matplotlib,python,tableau,excel,numpy,pandas,seaborn,powerbi
Frontend Developer,mobile,java,flutter,react native,kotlin,firebase,android,ios,swift
ML Engineer,general_software,json,unit testing,rest api,java,git,github,sql,
Software Developer,quant,excel,matplotlib,statistics,finance,monte carlo,,,
Data Analyst,data_analysis,matplotlib,numpy,excel,sql,seaborn,,,
Data Analyst,machine_learning,python,keras,xgboost,pytorch,pandas,numpy,scikit-learn,tensorflow
Cybersecurity Analyst,machine_learning,keras,tensorflow,python,xgboost,numpy,pandas,pytorch,scikit-learn
Full Stack Developer,data_analysis,numpy,seaborn,excel,matplotlib,tableau,python,sql,
Data Analyst,mobile,android,java,ios,react native,kotlin,flutter,,
Data Analyst,backend,docker,python,nodejs,expressjs,redis,flask,nginx,sql
ML Engineer,cloud,gcp,s3,cloudformation,lambda,aws,docker,kubernetes,azure
Product Engineer,cybersecurity,firewalls,nmap,siem,wireshark,burpsuite,linux,splunk,
Frontend Developer,cybersecurity,wireshark,nmap,firewalls,burpsuite,splunk,linux,siem,
ML Engineer,mobile,android,ios,kotlin,flutter,react native,java,,
Quant Analyst,cloud,azure,lambda,s3,cloudformation,docker,,,
Data Analyst,backend,sql,expressjs,docker,nodejs,nginx,redis,flask,
Systems Engineer,data_analysis,excel,seaborn,pandas,numpy,powerbi,tableau,matplotlib,
SDE Intern,machine_learning,tensorflow,pandas,python,scikit-learn,keras,numpy,xgboost,
Full Stack Developer,devops,ci/cd,kubernetes,bash,aws,docker,terraform,linux,
Cloud Engineer,machine_learning,scikit-learn,python,pytorch,numpy,tensorflow,pandas,keras,xgboost
Frontend Developer,general_software,rest api,unit testing,sql,github,java,json,python,
SDE Intern,devops,ci/cd,aws,kubernetes,bash,terraform,ansible,jenkins,docker
ML Engineer,backend,redis,sql,nginx,expressjs,flask,django,,
Backend Developer,cybersecurity,firewalls,nmap,burpsuite,linux,splunk,wireshark,siem,
Data Engineer,cybersecurity,siem,wireshark,splunk,nmap,linux,burpsuite,firewalls,
Cybersecurity Analyst,general_software,python,json,java,unit testing,git,rest api,,
Product Engineer,frontend,vue,html,bootstrap,css,javascript,react,tailwind,
Software Developer,machine_learning,python,tensorflow,keras,xgboost,pytorch,,,
Cybersecurity Analyst,quant,monte carlo,matplotlib,pandas,statistics,finance,python,,
Software Developer,general_software,unit testing,git,github,json,python,sql,rest api,
Quant Analyst,backend,redis,nodejs,expressjs,flask,sql,mysql,,
Systems Engineer,cybersecurity,splunk,nmap,wireshark,linux,siem,firewalls,burpsuite,
Cybersecurity Analyst,cybersecurity,firewalls,splunk,siem,wireshark,burpsuite,nmap,,
Backend Developer,devops,ci/cd,ansible,aws,linux,docker,jenkins,,
Quant Analyst,data_analysis,matplotlib,pandas,python,sql,powerbi,excel,seaborn,numpy
DevOps Engineer,data_analysis,excel,seaborn,sql,powerbi,numpy,,,
Product Engineer,frontend,typescript,react,nextjs,vue,tailwind,bootstrap,css,javascript
SDE Intern,data_analysis,tableau,python,seaborn,pandas,excel,sql,numpy,matplotlib
Data Engineer,data_analysis,seaborn,tableau,python,numpy,matplotlib,excel,,
Software Developer,quant,statistics,finance,pandas,monte carlo,excel,numpy,matplotlib,
Systems Engineer,cybersecurity,wireshark,burpsuite,siem,linux,splunk,,,
Frontend Developer,backend,django,docker,expressjs,nginx,mysql,,,
Backend Developer,general_software,github,json,git,python,sql,,,
Frontend Developer,general_software,python,sql,json,rest api,git,java,unit testing,
Cloud Engineer,backend,flask,nginx,expressjs,docker,nodejs,python,django,sql
Frontend Developer,devops,docker,aws,ansible,linux,bash,kubernetes,jenkins,
DevOps Engineer,backend,python,flask,nginx,nodejs,django,redis,,
Data Analyst,general_software,rest api,java,json,unit testing,python,sql,,
Cloud Engineer,general_software,json,unit testing,java,git,rest api,python,,
Data Engineer,general_software,rest api,java,unit testing,git,json,python,sql,github
Cloud Engineer,devops,linux,bash,kubernetes,docker,jenkins,aws,terraform,ansible
DevOps Engineer,mobile,ios,firebase,swift,react native,android,kotlin,flutter,java
SDE Intern,machine_learning,scikit-learn,xgboost,python,pytorch,pandas,tensorflow,keras,numpy
Systems Engineer,quant,python,statistics,matplotlib,monte carlo,numpy,pandas,finance,excel
Quant Analyst,cloud,aws,azure,gcp,kubernetes,lambda,,,
Quant Analyst,backend,nodejs,nginx,django,python,redis,sql,flask,
DevOps Engineer,devops,aws,ansible,docker,ci/cd,linux,bash,jenkins,kubernetes
Data Analyst,machine_learning,xgboost,pandas,scikit-learn,python,numpy,keras,tensorflow,
Frontend Developer,cybersecurity,siem,splunk,linux,nmap,burpsuite,,,
Software Developer,general_software,python,git,github,sql,unit testing,,,
Quant Analyst,backend,python,sql,django,expressjs,mysql,,,
DevOps Engineer,data_analysis,python,matplotlib,excel,sql,seaborn,powerbi,pandas,tableau
Data Science Intern,data_analysis,seaborn,powerbi,tableau,python,sql,pandas,numpy,matplotlib
Quant Analyst,frontend,css,vue,html,javascript,tailwind,bootstrap,react,
Frontend Developer,backend,django,nginx,redis,flask,docker,nodejs,expressjs,sql
Frontend Developer,machine_learning,python,numpy,tensorflow,pytorch,keras,xgboost,,
Backend Developer,general_software,json,git,rest api,python,github,unit testing,,
Data Analyst,general_software,unit testing,rest api,json,github,java,sql,,
Cloud Engineer,devops,aws,bash,kubernetes,ansible,linux,,,
SDE Intern,general_software,java,sql,rest api,github,python,,,
Quant Analyst,backend,nodejs,nginx,redis,sql,django,expressjs,docker,
Quant Analyst,devops,jenkins,docker,bash,linux,terraform,ansible,,
Cybersecurity Analyst,data_analysis,powerbi,tableau,numpy,matplotlib,excel,seaborn,,
SDE Intern,cloud,cloudformation,lambda,gcp,kubernetes,azure,aws,s3,docker
DevOps Engineer,backend,expressjs,docker,flask,django,nodejs,,,
DevOps Engineer,mobile,flutter,swift,android,kotlin,ios,firebase,java,react native
Data Science Intern,frontend,typescript,vue,nextjs,html,react,bootstrap,,
Product Engineer,data_analysis,sql,excel,python,seaborn,tableau,powerbi,,
Backend Developer,quant,monte carlo,finance,excel,numpy,pandas,statistics,,
Quant Analyst,backend,sql,expressjs,nginx,django,mysql,docker,nodejs,
SDE Intern,quant,python,excel,pandas,numpy,matplotlib,finance,,
Backend Developer,quant,python,matplotlib,numpy,statistics,excel,monte carlo,finance,pandas
DevOps Engineer,machine_learning,python,numpy,pandas,xgboost,pytorch,scikit-learn,keras,tensorflow
Data Analyst,cloud,cloudformation,lambda,azure,aws,kubernetes,s3,gcp,docker
SDE Intern,quant,monte carlo,numpy,finance,pandas,excel,statistics,matplotlib,python
Cloud Engineer,general_software,sql,java,github,unit testing,json,,,
Quant Analyst,data_analysis,excel,tableau,powerbi,seaborn,matplotlib,pandas,python,sql
Frontend Developer,mobile,ios,firebase,android,swift,flutter,react native,java,kotlin
SDE Intern,data_analysis,tableau,matplotlib,pandas,seaborn,excel,numpy,,
Product Engineer,frontend,tailwind,css,typescript,react,html,,,
Software Developer,data_analysis,numpy,python,matplotlib,excel,tableau,pandas,powerbi,sql
Product Engineer,quant,monte carlo,finance,pandas,statistics,matplotlib,excel,python,
Data Science Intern,frontend,typescript,javascript,html,react,vue,,,
Backend Developer,cybersecurity,siem,linux,nmap,burpsuite,firewalls,,,
Quant Analyst,quant,pandas,monte carlo,matplotlib,excel,statistics,numpy,python,finance
Systems Engineer,general_software,git,sql,json,rest api,python,,,
DevOps Engineer,mobile,firebase,java,react native,kotlin,swift,ios,android,flutter
Systems Engineer,mobile,flutter,java,ios,kotlin,firebase,,,
Full Stack Developer,mobile,ios,android,java,react native,kotlin,flutter,,
Data Science Intern,frontend,vue,html,typescript,bootstrap,react,,,
DevOps Engineer,general_software,rest api,python,java,git,unit testing,json,,
Systems Engineer,cloud,aws,s3,azure,gcp,docker,lambda,cloudformation,kubernetes
Data Engineer,devops,terraform,ansible,jenkins,linux,bash,kubernetes,aws,
Data Science Intern,quant,numpy,python,excel,pandas,matplotlib,,,
Frontend Developer,cybersecurity,wireshark,linux,siem,splunk,firewalls,burpsuite,,
Full Stack Developer,frontend,react,html,tailwind,javascript,nextjs,typescript,css,
Backend Developer,cloud,gcp,cloudformation,aws,azure,docker,s3,,
Data Science Intern,devops,bash,ansible,kubernetes,jenkins,docker,,,
Data Analyst,devops,docker,ci/cd,bash,ansible,aws,jenkins,,
DevOps Engineer,machine_learning,xgboost,scikit-learn,numpy,pandas,pytorch,python,,
Product Engineer,data_analysis,matplotlib,excel,sql,powerbi,seaborn,tableau,pandas,numpy
Quant Analyst,cloud,lambda,azure,s3,docker,cloudformation,kubernetes,gcp,
Systems Engineer,devops,ci/cd,jenkins,aws,bash,terraform,,,
Quant Analyst,machine_learning,pytorch,scikit-learn,numpy,python,xgboost,pandas,,
Cloud Engineer,data_analysis,powerbi,numpy,tableau,pandas,python,excel,sql,seaborn
Systems Engineer,backend,docker,django,mysql,nginx,nodejs,sql,redis,
Product Engineer,cloud,kubernetes,azure,s3,lambda,gcp,cloudformation,,
Cloud Engineer,frontend,vue,bootstrap,typescript,html,css,javascript,nextjs,tailwind
Software Developer,quant,numpy,finance,excel,pandas,monte carlo,python,matplotlib,statistics
Data Engineer,mobile,swift,android,flutter,firebase,kotlin,java,react native,
ML Engineer,cloud,cloudformation,kubernetes,aws,lambda,gcp,docker,,
Quant Analyst,devops,jenkins,aws,terraform,linux,ci/cd,bash,,
Quant Analyst,mobile,java,kotlin,flutter,swift,firebase,android,ios,react native
Data Engineer,machine_learning,tensorflow,pandas,pytorch,python,xgboost,,,
Product Engineer,machine_learning,tensorflow,pandas,keras,python,xgboost,scikit-learn,numpy,pytorch
Data Science Intern,mobile,firebase,flutter,swift,react native,kotlin,java,,
ML Engineer,devops,aws,linux,jenkins,kubernetes,ci/cd,ansible,,
Data Science Intern,mobile,android,ios,kotlin,firebase,java,swift,react native,flutter
ML Engineer,general_software,rest api,python,git,sql,unit testing,,,
Quant Analyst,devops,docker,bash,jenkins,ci/cd,ansible,linux,aws,terraform
ML Engineer,quant,finance,python,monte carlo,numpy,excel,pandas,statistics,
Data Engineer,devops,kubernetes,bash,aws,docker,ansible,,,
SDE Intern,devops,bash,linux,kubernetes,docker,ansible,ci/cd,jenkins,
Data Analyst,mobile,react native,swift,java,android,ios,kotlin,firebase,
Systems Engineer,backend,flask,python,nodejs,docker,redis,sql,,
Frontend Developer,devops,docker,linux,terraform,aws,kubernetes,ansible,,
Backend Developer,backend,expressjs,sql,python,django,redis,nginx,,
ML Engineer,frontend,css,typescript,vue,nextjs,tailwind,bootstrap,react,
Product Engineer,quant,matplotlib,statistics,finance,excel,pandas,numpy,monte carlo,
Cloud Engineer,devops,terraform,bash,aws,ci/cd,kubernetes,jenkins,ansible,
Data Science Intern,backend,docker,redis,flask,mysql,nodejs,django,python,
DevOps Engineer,devops,bash,ansible,linux,docker,kubernetes,ci/cd,,
Product Engineer,quant,numpy,python,monte carlo,excel,finance,statistics,matplotlib,
Data Engineer,general_software,java,github,git,sql,python,unit testing,json,
ML Engineer,frontend,typescript,javascript,html,react,bootstrap,css,tailwind,nextjs
DevOps Engineer,mobile,kotlin,flutter,react native,java,android,firebase,swift,
DevOps Engineer,devops,bash,aws,ansible,ci/cd,terraform,,,
Data Engineer,quant,excel,finance,statistics,matplotlib,pandas,,,
Backend Developer,devops,kubernetes,ansible,terraform,ci/cd,docker,linux,aws,bash
Software Developer,data_analysis,numpy,tableau,excel,sql,python,,,
ML Engineer,cloud,lambda,aws,docker,s3,gcp,cloudformation,kubernetes,
Data Science Intern,devops,terraform,ansible,kubernetes,bash,linux,aws,jenkins,
Full Stack Developer,quant,matplotlib,numpy,pandas,monte carlo,statistics,,,
Backend Developer,frontend,typescript,react,bootstrap,vue,nextjs,,,
Cybersecurity Analyst,data_analysis,numpy,pandas,seaborn,python,sql,powerbi,excel,matplotlib
ML Engineer,machine_learning,python,pytorch,numpy,scikit-learn,keras,xgboost,,
Full Stack Developer,data_analysis,powerbi,tableau,excel,sql,seaborn,python,pandas,matplotlib
Frontend Developer,machine_learning,keras,pandas,scikit-learn,numpy,tensorflow,xgboost,,
Frontend Developer,devops,kubernetes,jenkins,terraform,docker,ansible,ci/cd,,
Cybersecurity Analyst,devops,kubernetes,ci/cd,ansible,linux,docker,terraform,aws,
Frontend Developer,data_analysis,pandas,matplotlib,sql,python,tableau,seaborn,,
Cybersecurity Analyst,backend,nginx,redis,docker,python,sql,,,
Data Engineer,quant,statistics,numpy,finance,pandas,python,monte carlo,matplotlib,excel
Backend Developer,cloud,lambda,gcp,docker,cloudformation,kubernetes,azure,,
Data Analyst,backend,expressjs,mysql,django,docker,nginx,flask,python,
Frontend Developer,frontend,tailwind,html,css,bootstrap,javascript,react,typescript,nextjs
Data Science Intern,backend,mysql,expressjs,redis,django,nginx,sql,docker,python
Product Engineer,frontend,typescript,css,tailwind,vue,bootstrap,react,nextjs,
Data Engineer,cloud,azure,lambda,gcp,docker,kubernetes,s3,cloudformation,
ML Engineer,general_software,python,json,git,rest api,unit testing,,,
SDE Intern,data_analysis,powerbi,excel,sql,pandas,python,,,
Quant Analyst,general_software,java,unit testing,python,rest api,github,git,json,sql
Software Developer,machine_learning,pandas,keras,pytorch,numpy,xgboost,tensorflow,scikit-learn,python
Frontend Developer,frontend,bootstrap,vue,javascript,tailwind,react,typescript,,
Data Science Intern,cybersecurity,firewalls,linux,nmap,splunk,burpsuite,siem,wireshark,
Cloud Engineer,cloud,gcp,azure,lambda,cloudformation,s3,aws,docker,
Cloud Engineer,frontend,html,vue,react,css,javascript,nextjs,typescript,
Quant Analyst,quant,matplotlib,statistics,numpy,finance,python,pandas,excel,
Frontend Developer,frontend,tailwind,typescript,css,bootstrap,react,nextjs,,
Full Stack Developer,data_analysis,python,sql,numpy,matplotlib,excel,,,
Quant Analyst,frontend,bootstrap,react,vue,html,javascript,typescript,nextjs,css
Backend Developer,machine_learning,numpy,python,pandas,tensorflow,scikit-learn,keras,xgboost,
Frontend Developer,backend,docker,nodejs,sql,python,redis,django,,
Frontend Developer,cybersecurity,siem,firewalls,splunk,linux,nmap,wireshark,,
Data Analyst,data_analysis,tableau,powerbi,numpy,sql,python,,,
ML Engineer,cybersecurity,burpsuite,firewalls,nmap,linux,splunk,wireshark,,
Product Engineer,frontend,bootstrap,html,javascript,react,tailwind,,,
SDE Intern,mobile,react native,java,ios,firebase,swift,android,kotlin,flutter
Full Stack Developer,cloud,gcp,lambda,cloudformation,azure,docker,kubernetes,s3,
Data Analyst,data_analysis,excel,seaborn,matplotlib,tableau,numpy,,,
Systems Engineer,backend,docker,nginx,python,nodejs,django,,,
DevOps Engineer,general_software,rest api,github,java,sql,json,git,,
Cybersecurity Analyst,frontend,vue,html,typescript,bootstrap,css,nextjs,javascript,
Cloud Engineer,frontend,javascript,nextjs,css,typescript,html,vue,react,bootstrap
ML Engineer,backend,docker,python,nodejs,django,redis,expressjs,nginx,
Data Analyst,data_analysis,tableau,powerbi,excel,numpy,pandas,,,
Full Stack Developer,cybersecurity,siem,wireshark,linux,burpsuite,firewalls,splunk,,
Cybersecurity Analyst,cybersecurity,nmap,burpsuite,firewalls,wireshark,siem,,,
Full Stack Developer,mobile,ios,swift,android,flutter,react native,,,
ML Engineer,cloud,cloudformation,lambda,s3,docker,aws,gcp,,
SDE Intern,machine_learning,keras,numpy,scikit-learn,pandas,tensorflow,pytorch,python,xgboost
Full Stack Developer,cloud,lambda,aws,cloudformation,gcp,azure,kubernetes,s3,
Data Engineer,data_analysis,powerbi,python,sql,numpy,excel,,,
Cloud Engineer,quant,monte carlo,pandas,finance,numpy,python,matplotlib,,
Quant Analyst,data_analysis,tableau,seaborn,excel,pandas,matplotlib,powerbi,sql,
DevOps Engineer,devops,ci/cd,bash,terraform,kubernetes,docker,aws,jenkins,ansible
Software Developer,backend,python,sql,flask,mysql,nodejs,django,nginx,
Full Stack Developer,frontend,bootstrap,css,vue,react,typescript,html,tailwind,
Data Engineer,backend,sql,expressjs,mysql,flask,docker,redis,,
ML Engineer,general_software,rest api,python,unit testing,github,json,git,sql,
Quant Analyst,data_analysis,python,pandas,sql,excel,seaborn,matplotlib,,
Product Engineer,data_analysis,matplotlib,excel,seaborn,tableau,powerbi,numpy,python,pandas
Quant Analyst,data_analysis,sql,numpy,matplotlib,tableau,python,excel,pandas,
Quant Analyst,frontend,bootstrap,tailwind,javascript,react,css,nextjs,typescript,
Data Science Intern,devops,linux,docker,bash,ansible,aws,,,
Data Analyst,frontend,tailwind,react,bootstrap,typescript,html,nextjs,css,vue
ML Engineer,data_analysis,pandas,powerbi,seaborn,excel,matplotlib,sql,,
Backend Developer,cybersecurity,wireshark,siem,firewalls,splunk,burpsuite,nmap,linux,
DevOps Engineer,cloud,docker,cloudformation,lambda,s3,aws,azure,kubernetes,
Full Stack Developer,general_software,git,sql,java,python,rest api,json,,
Product Engineer,cloud,lambda,kubernetes,aws,azure,cloudformation,s3,gcp,docker
Data Engineer,machine_learning,pandas,keras,scikit-learn,python,xgboost,,,
Quant Analyst,cybersecurity,burpsuite,nmap,linux,firewalls,wireshark,siem,,
ML Engineer,devops,linux,terraform,ansible,ci/cd,kubernetes,docker,bash,jenkins
Data Analyst,data_analysis,python,pandas,numpy,tableau,seaborn,,,
Product Engineer,general_software,rest api,unit testing,git,sql,java,,,
Systems Engineer,general_software,unit testing,json,sql,java,git,python,,
SDE Intern,cloud,cloudformation,kubernetes,docker,lambda,s3,,,
Product Engineer,cloud,s3,aws,lambda,docker,azure,gcp,kubernetes,cloudformation
Quant Analyst,quant,excel,matplotlib,statistics,monte carlo,python,,,
Data Science Intern,cloud,lambda,s3,docker,aws,azure,cloudformation,,
Cloud Engineer,backend,redis,nodejs,expressjs,flask,python,docker,nginx,sql
Data Analyst,cloud,azure,s3,kubernetes,lambda,gcp,cloudformation,aws,
Cybersecurity Analyst,cybersecurity,burpsuite,wireshark,nmap,linux,siem,,,
Data Science Intern,machine_learning,keras,xgboost,pytorch,pandas,python,tensorflow,,
Quant Analyst,quant,finance,python,monte carlo,numpy,excel,statistics,pandas,
DevOps Engineer,general_software,java,unit testing,github,git,sql,,,
Software Developer,data_analysis,numpy,pandas,seaborn,tableau,powerbi,excel,,
Data Analyst,cybersecurity,linux,splunk,burpsuite,nmap,wireshark,firewalls,,
Full Stack Developer,machine_learning,tensorflow,keras,scikit-learn,python,pandas,numpy,,
Full Stack Developer,cloud,aws,s3,kubernetes,docker,gcp,,,
SDE Intern,machine_learning,numpy,xgboost,pytorch,tensorflow,python,pandas,scikit-learn,keras
Data Engineer,cybersecurity,siem,burpsuite,splunk,nmap,wireshark,,,
DevOps Engineer,cloud,docker,gcp,s3,azure,cloudformation,,,
Data Science Intern,backend,redis,nodejs,nginx,django,expressjs,sql,mysql,python
Software Developer,backend,python,redis,flask,expressjs,sql,,,
Data Engineer,cloud,gcp,aws,azure,cloudformation,s3,kubernetes,lambda,docker
Software Developer,general_software,github,rest api,java,sql,python,git,,
Product Engineer,data_analysis,python,matplotlib,tableau,excel,numpy,sql,,
ML Engineer,frontend,tailwind,css,react,bootstrap,typescript,vue,javascript,html
ML Engineer,frontend,typescript,html,javascript,tailwind,css,,,
Data Science Intern,devops,aws,jenkins,docker,ci/cd,bash,,,
Data Science Intern,machine_learning,pandas,python,tensorflow,scikit-learn,numpy,keras,xgboost,pytorch
ML Engineer,general_software,python,sql,unit testing,java,json,git,github,
Full Stack Developer,frontend,javascript,nextjs,vue,typescript,css,tailwind,,
Software Developer,backend,mysql,expressjs,flask,sql,docker,nginx,python,
Cloud Engineer,cybersecurity,splunk,burpsuite,wireshark,firewalls,siem,nmap,,
Cloud Engineer,machine_learning,tensorflow,pytorch,keras,xgboost,pandas,,,
Quant Analyst,mobile,flutter,kotlin,firebase,java,ios,android,,
Data Engineer,cloud,azure,s3,cloudformation,lambda,docker,aws,,
DevOps Engineer,cloud,docker,lambda,gcp,azure,aws,s3,,
Data Science Intern,data_analysis,numpy,tableau,pandas,seaborn,python,,,
ML Engineer,mobile,ios,android,react native,java,kotlin,,,
Quant Analyst,data_analysis,sql,powerbi,matplotlib,numpy,excel,tableau,,
Cybersecurity Analyst,cloud,gcp,kubernetes,azure,s3,cloudformation,lambda,docker,
DevOps Engineer,machine_learning,keras,numpy,xgboost,python,pandas,,,
Backend Developer,data_analysis,python,pandas,excel,powerbi,matplotlib,,,
Data Engineer,data_analysis,tableau,excel,numpy,pandas,matplotlib,seaborn,,
Data Science Intern,quant,pandas,statistics,numpy,finance,matplotlib,python,,
Backend Developer,backend,flask,mysql,nginx,docker,python,sql,redis,
Data Engineer,data_analysis,pandas,python,numpy,powerbi,excel,matplotlib,,
Data Analyst,cybersecurity,wireshark,siem,splunk,burpsuite,firewalls,nmap,linux,
Data Science Intern,cybersecurity,linux,wireshark,siem,burpsuite,firewalls,splunk,,
DevOps Engineer,quant,matplotlib,finance,pandas,python,statistics,monte carlo,,
Cloud Engineer,machine_learning,scikit-learn,keras,numpy,pytorch,tensorflow,xgboost,python,pandas
Quant Analyst,quant,pandas,python,monte carlo,matplotlib,excel,,,
Quant Analyst,general_software,json,sql,unit testing,java,git,github,,
Software Developer,mobile,ios,java,kotlin,flutter,android,react native,,
Frontend Developer,cybersecurity,firewalls,siem,linux,splunk,nmap,,,
Frontend Developer,general_software,python,rest api,sql,java,github,git,,
Systems Engineer,machine_learning,pandas,keras,numpy,python,pytorch,tensorflow,xgboost,
Backend Developer,data_analysis,seaborn,numpy,powerbi,pandas,python,,,
DevOps Engineer,cloud,gcp,lambda,kubernetes,docker,s3,cloudformation,azure,
Frontend Developer,quant,finance,excel,numpy,statistics,pandas,python,,
Cloud Engineer,mobile,firebase,kotlin,swift,java,android,react native,ios,flutter
DevOps Engineer,frontend,nextjs,react,bootstrap,vue,tailwind,javascript,css,typescript
Data Engineer,cybersecurity,wireshark,firewalls,nmap,burpsuite,siem,linux,,
Cybersecurity Analyst,quant,numpy,matplotlib,pandas,statistics,python,monte carlo,,
Product Engineer,general_software,github,rest api,java,python,unit testing,sql,git,json
Frontend Developer,machine_learning,tensorflow,scikit-learn,pandas,numpy,python,xgboost,pytorch,
Backend Developer,cloud,gcp,docker,kubernetes,aws,s3,azure,lambda,cloudformation
Full Stack Developer,general_software,github,json,rest api,python,git,unit testing,sql,java
DevOps Engineer,devops,terraform,jenkins,ansible,linux,kubernetes,aws,ci/cd,bash
Product Engineer,backend,nginx,nodejs,redis,mysql,django,flask,docker,sql
ML Engineer,mobile,swift,android,java,ios,flutter,kotlin,react native,
DevOps Engineer,devops,kubernetes,terraform,docker,bash,aws,ansible,linux,jenkins
Full Stack Developer,devops,ansible,terraform,linux,jenkins,bash,ci/cd,docker,kubernetes
Full Stack Developer,cloud,azure,docker,gcp,aws,s3,lambda,cloudformation,
Frontend Developer,machine_learning,xgboost,scikit-learn,pandas,pytorch,python,numpy,keras,tensorflow
ML Engineer,cybersecurity,wireshark,siem,firewalls,burpsuite,nmap,splunk,linux,
Data Analyst,machine_learning,pandas,numpy,xgboost,pytorch,tensorflow,keras,python,scikit-learn
ML Engineer,cybersecurity,linux,splunk,wireshark,siem,burpsuite,,,
Frontend Developer,data_analysis,numpy,tableau,powerbi,seaborn,pandas,excel,,
Frontend Developer,data_analysis,python,powerbi,excel,matplotlib,sql,numpy,tableau,
Data Engineer,backend,mysql,flask,python,nginx,expressjs,django,nodejs,
Data Analyst,quant,statistics,numpy,excel,finance,matplotlib,,,
Cybersecurity Analyst,cybersecurity,nmap,firewalls,splunk,wireshark,burpsuite,siem,linux,
Data Analyst,mobile,java,android,firebase,react native,flutter,ios,kotlin,
Data Science Intern,cloud,gcp,aws,docker,lambda,cloudformation,,,
Data Engineer,backend,django,nginx,docker,expressjs,mysql,nodejs,sql,flask
Cloud Engineer,machine_learning,pytorch,scikit-learn,pandas,xgboost,python,numpy,,
Systems Engineer,cybersecurity,nmap,firewalls,linux,wireshark,burpsuite,siem,,
Full Stack Developer,cybersecurity,splunk,burpsuite,wireshark,nmap,linux,,,
Data Engineer,devops,bash,terraform,docker,ci/cd,ansible,,,
Data Analyst,backend,python,django,flask,docker,expressjs,sql,mysql,
SDE Intern,general_software,unit testing,python,git,json,java,sql,,
Quant Analyst,cloud,cloudformation,s3,aws,azure,lambda,gcp,kubernetes,docker
Full Stack Developer,data_analysis,tableau,powerbi,seaborn,pandas,numpy,python,,
Data Engineer,general_software,python,rest api,github,git,json,java,unit testing,sql
Backend Developer,general_software,github,unit testing,python,sql,git,,,
Frontend Developer,cybersecurity,linux,firewalls,burpsuite,nmap,splunk,,,
Data Analyst,cloud,lambda,aws,docker,cloudformation,kubernetes,,,
Full Stack Developer,data_analysis,numpy,powerbi,python,tableau,matplotlib,pandas,sql,seaborn
Systems Engineer,machine_learning,pytorch,tensorflow,scikit-learn,pandas,keras,,,
DevOps Engineer,mobile,flutter,ios,firebase,android,java,swift,react native,
Quant Analyst,data_analysis,pandas,powerbi,sql,matplotlib,tableau,python,seaborn,
Product Engineer,quant,statistics,excel,pandas,finance,python,,,
Data Engineer,quant,numpy,matplotlib,python,excel,statistics,pandas,finance,
Full Stack Developer,mobile,react native,kotlin,android,firebase,ios,swift,flutter,java
Full Stack Developer,data_analysis,tableau,matplotlib,numpy,sql,powerbi,,,
ML Engineer,mobile,kotlin,swift,flutter,react native,android,ios,java,
Frontend Developer,frontend,bootstrap,html,vue,css,javascript,nextjs,tailwind,
ML Engineer,general_software,rest api,python,unit testing,java,github,sql,json,
Cloud Engineer,machine_learning,pytorch,tensorflow,xgboost,python,keras,,,
Data Engineer,data_analysis,tableau,excel,numpy,pandas,matplotlib,sql,powerbi,python
Software Developer,mobile,android,react native,swift,ios,flutter,kotlin,firebase,java
Full Stack Developer,mobile,swift,java,kotlin,react native,firebase,flutter,,
Frontend Developer,data_analysis,seaborn,numpy,matplotlib,excel,tableau,pandas,,
Backend Developer,cybersecurity,siem,burpsuite,wireshark,splunk,linux,firewalls,nmap,
Data Engineer,data_analysis,sql,numpy,pandas,excel,python,tableau,,
DevOps Engineer,devops,bash,linux,ansible,jenkins,terraform,aws,kubernetes,docker
Product Engineer,cloud,cloudformation,azure,lambda,kubernetes,docker,,,
Product Engineer,general_software,rest api,git,unit testing,java,github,json,,
Systems Engineer,cybersecurity,firewalls,burpsuite,wireshark,linux,nmap,splunk,,
